Tree_Type,Number_of_Node,Delete_Order,Iteration,Insert_Time_Cost_Total,Insert_Time_Cost_Average,Delete_Time_Cost_Total,Delete_Time_Cost_Average
AVL,1000,Same_Order,10,0.489166,0.048917,0.338281,0.033828
AVL,1000,Reverse_Order,10,0.389004,0.038900,0.318807,0.031881
AVL,1000,Random_Order,10,0.422668,0.042267,0.973773,0.097377
AVL,5000,Same_Order,10,2.414214,0.241421,1.973141,0.197314
AVL,5000,Reverse_Order,10,2.112788,0.211279,1.802163,0.180216
AVL,5000,Random_Order,10,2.157588,0.215759,6.407216,0.640722
AVL,10000,Same_Order,10,3.955199,0.395520,3.572223,0.357222
AVL,10000,Reverse_Order,10,3.332314,0.333231,3.226043,0.322604
AVL,10000,Random_Order,10,3.380845,0.338084,10.632482,1.063248
AVL,50000,Same_Order,10,23.038661,2.303866,18.758759,1.875876
AVL,50000,Reverse_Order,10,17.935623,1.793562,16.460021,1.646002
AVL,50000,Random_Order,10,17.802044,1.780204,77.273420,7.727342
AVL,100000,Same_Order,10,42.497909,4.249791,37.876593,3.787659
AVL,100000,Reverse_Order,10,36.889589,3.688959,34.149014,3.414901
AVL,100000,Random_Order,10,36.198029,3.619803,180.179225,18.017922
AVL,200000,Same_Order,10,86.294080,8.629408,79.208592,7.920859
AVL,200000,Reverse_Order,10,80.127567,8.012757,75.642315,7.564232
AVL,200000,Random_Order,10,77.122390,7.712239,512.635753,51.263575
AVL,500000,Same_Order,10,252.988892,25.298889,212.679442,21.267944
AVL,500000,Reverse_Order,10,222.667323,22.266732,201.715457,20.171546
AVL,500000,Random_Order,10,200.323559,20.032356,1825.489047,182.548905
