Tree_Type,Number_of_Node,Delete_Order,Iteration,Insert_Time_Cost_Total,Insert_Time_Cost_Average,Insert_Time_Cost_Amortized,Delete_Time_Cost_Total,Delete_Time_Cost_Average,Delete_Time_Cost_Amortized
RBT,1000,Same_Order,10,0.332005,0.033200,0.000033,0.235985,0.023599,0.000024
RBT,1000,Reverse_Order,10,0.309830,0.030983,0.000031,0.281185,0.028119,0.000028
RBT,1000,Random_Order,10,0.357629,0.035763,0.000036,0.981162,0.098116,0.000098
RBT,5000,Same_Order,10,1.834941,0.183494,0.000037,1.304662,0.130466,0.000026
RBT,5000,Reverse_Order,10,2.138621,0.213862,0.000043,1.299357,0.129936,0.000026
RBT,5000,Random_Order,10,1.870486,0.187049,0.000037,6.598308,0.659831,0.000132
RBT,10000,Same_Order,10,3.981040,0.398104,0.000040,2.618454,0.261845,0.000026
RBT,10000,Reverse_Order,10,3.726252,0.372625,0.000037,2.697287,0.269729,0.000027
RBT,10000,Random_Order,10,3.679916,0.367992,0.000037,13.100810,1.310081,0.000131
RBT,50000,Same_Order,10,31.473269,3.147327,0.000063,15.103499,1.510350,0.000030
RBT,50000,Reverse_Order,10,27.991893,2.799189,0.000056,15.200449,1.520045,0.000030
RBT,50000,Random_Order,10,22.312941,2.231294,0.000045,97.706081,9.770608,0.000195
RBT,100000,Same_Order,10,62.491366,6.249137,0.000062,31.213782,3.121378,0.000031
RBT,100000,Reverse_Order,10,67.217891,6.721789,0.000067,34.158140,3.415814,0.000034
RBT,100000,Random_Order,10,48.820846,4.882085,0.000049,225.165848,22.516585,0.000225
RBT,200000,Same_Order,10,156.667388,15.666739,0.000078,68.233830,6.823383,0.000034
RBT,200000,Reverse_Order,10,179.697677,17.969768,0.000090,82.645366,8.264537,0.000041
RBT,200000,Random_Order,10,121.289669,12.128967,0.000061,580.713270,58.071327,0.000290
RBT,500000,Same_Order,10,498.433995,49.843399,0.000100,197.161865,19.716186,0.000039
RBT,500000,Reverse_Order,10,565.326479,56.532648,0.000113,245.151899,24.515190,0.000049
RBT,500000,Random_Order,10,400.727373,40.072737,0.000080,2166.749562,216.674956,0.000433
